dimension,mean,std,ci_low,ci_high,n_observations,t_statistic,p_value
nao_relevance_current,3.91845238095238,0.1224924523518093,3.861124148574029,3.9757806133307314,20,33.532220450735714,1.1333194455021698e-18
nao_relevance_history,3.918452380952381,0.1295507698057952,3.8578207543204797,3.9790840075842824,20,31.705283742963726,3.227754813232252e-18
